ID	adj.P.Val	P.Value	t	B	logFC	SPOT_ID	miRNA_ID
hsa-miR-21-5p	5.14e-76	1.73e-78	-28.3014	168.5024	-2.08145	A_25_P00010976	hsa-miR-21-5p
hsa-miR-424-5p	5.60e-69	3.77e-71	-25.7794	151.6294	-2.49514	A_25_P00011109	hsa-miR-424-5p
hsa-miR-130b-3p	2.15e-56	2.17e-58	-21.6481	122.2802	-2.10601	A_25_P00010438	hsa-miR-130b-3p
hsa-miR-93-5p	2.19e-56	2.95e-58	-21.6062	121.9724	-1.52488	A_25_P00010610	hsa-miR-93-5p
hsa-miR-21-3p	5.99e-54	1.01e-55	-20.8183	116.1455	-1.80145	A_25_P00013174	hsa-miR-21-3p
hsa-miR-7-5p	1.03e-49	2.40e-51	-19.4765	106.0781	-2.4575	A_25_P00012077	hsa-miR-7-5p
hsa-miR-455-3p	1.03e-49	2.44e-51	-19.4746	106.0637	-1.76544	A_25_P00012697	hsa-miR-455-3p
hsa-miR-3651	3.07e-47	8.26e-49	-18.7088	100.2446	-1.21951	A_25_P00016223	hsa-miR-3651
hsa-miR-106b-5p	4.12e-47	1.25e-48	-18.6549	99.8327	-1.27293	A_25_P00010433	hsa-miR-106b-5p
hsa-miR-18a-5p	1.29e-46	4.34e-48	-18.4919	98.5876	-1.68242	A_25_P00011993	hsa-miR-18a-5p
hsa-miR-25-3p	1.49e-46	5.51e-48	-18.4609	98.3501	-1.35163	A_25_P00010989	hsa-miR-25-3p
hsa-miR-18b-5p	3.00e-46	1.21e-47	-18.3579	97.5621	-1.65053	A_25_P00012431	hsa-miR-18b-5p
hsa-miR-301a-3p	4.61e-45	2.02e-46	-17.9916	94.7535	-1.63656	A_25_P00010839	hsa-miR-301a-3p
hsa-miR-151a-3p	2.29e-43	1.08e-44	-17.4755	90.781	-1.12635	A_25_P00014020	hsa-miR-151a-3p
hsa-miR-455-5p	3.88e-43	1.96e-44	-17.3981	90.1844	-1.53516	A_25_P00014182	hsa-miR-455-5p
hsa-miR-185-5p	4.80e-42	2.59e-43	-17.0646	87.6086	-1.02924	A_25_P00012238	hsa-miR-185-5p
hur_2	1.15e-40	6.61e-42	-16.6465	84.3725	-0.64569	--hur_2	
mr_1	7.90e-39	4.79e-40	-16.0953	80.0977	-0.91703	--mr_1	
hsa-miR-4465	1.05e-37	6.73e-39	-15.7556	77.4594	-1.52311	A_25_P00017127	hsa-miR-4465
hsa-miR-99a-5p	6.04e-37	4.07e-38	15.5244	75.6637	1.64906	A_25_P00010471	hsa-miR-99a-5p
hsa-miR-15b-5p	1.73e-36	1.22e-37	-15.383	74.5649	-0.90653	A_25_P00011101	hsa-miR-15b-5p
hur_4	8.15e-35	6.04e-36	-14.882	70.6744	-0.8133	--hur_4	
hsa-miR-16-2-3p	1.71e-34	1.32e-35	-14.7814	69.8932	-1.07464	A_25_P00013268	hsa-miR-16-2-3p
hsa-miR-96-5p	6.46e-34	5.25e-35	-14.6039	68.5162	-1.47857	A_25_P00012034	hsa-miR-96-5p
hsa-miR-4306	6.46e-34	5.44e-35	-14.5993	68.4808	-0.98915	A_25_P00015801	hsa-miR-4306
hsa-miR-1290	4.83e-33	4.23e-34	-14.3354	66.435	-2.60372	A_25_P00015106	hsa-miR-1290
hur_1	4.87e-33	4.43e-34	-14.3295	66.3892	-0.55467	--hur_1	
hsa-miR-1246	1.48e-32	1.40e-33	-14.1814	65.2429	-2.62655	A_25_P00015142	hsa-miR-1246
hsa-miR-128	1.55e-32	1.52e-33	-14.1708	65.1606	-1.0242	A_25_P00012162	hsa-miR-128
hsa-miR-103a-3p	8.04e-32	8.12e-33	-13.9546	63.4885	-0.74651	A_25_P00011005	hsa-miR-103a-3p
hsa-miR-145-5p	1.69e-31	1.77e-32	13.854	62.7121	2.19279	A_25_P00012193	hsa-miR-145-5p
hsa-miR-17-5p	3.01e-31	3.24e-32	-13.7757	62.1075	-1.01963	A_25_P00013841	hsa-miR-17-5p
hsa-miR-19a-3p	8.22e-31	9.13e-32	-13.6418	61.0748	-0.97957	A_25_P00010997	hsa-miR-19a-3p
hsa-miR-497-5p	9.20e-31	1.05e-31	13.6234	60.9332	1.29067	A_25_P00014866	hsa-miR-497-5p
hsa-miR-29c-3p	9.54e-31	1.12e-31	13.6149	60.8678	1.06426	A_25_P00012275	hsa-miR-29c-3p
hsa-miR-181b-5p	1.98e-30	2.39e-31	-13.517	60.1139	-1.1458	A_25_P00012090	hsa-miR-181b-5p
hsa-miR-195-5p	9.24e-30	1.15e-30	13.3135	58.5485	1.21557	A_25_P00010770	hsa-miR-195-5p
hsa-miR-145-3p	5.89e-29	7.53e-30	13.0694	56.6763	1.70258	A_25_P00013427	hsa-miR-145-3p
miRNABrightCorner30	1.27e-28	1.66e-29	-12.9664	55.8881	-1.07567	--miRNABrightCorner30	
hsa-miR-454-3p	2.31e-28	3.11e-29	-12.8846	55.2627	-0.82109	A_25_P00012870	hsa-miR-454-3p
hur_6	1.56e-27	2.16e-28	-12.6316	53.3332	-0.84792	--hur_6	
hsa-miR-378a-3p	2.54e-27	3.59e-28	12.5651	52.8272	0.91626	A_25_P00017521	hsa-miR-378a-3p
hsa-miR-338-3p	8.41e-27	1.22e-27	12.4047	51.6096	1.18743	A_25_P00012396	hsa-miR-338-3p
hsa-miR-34b-5p	3.09e-26	4.58e-27	-12.2302	50.289	-1.06305	A_25_P00014608	hsa-miR-34b-5p
hsa-miR-155-5p	3.34e-26	5.06e-27	-12.2173	50.1914	-1.30821	A_25_P00012270	hsa-miR-155-5p
hsa-miR-143-3p	3.41e-26	5.28e-27	12.2115	50.1475	1.8473	A_25_P00012184	hsa-miR-143-3p
hsa-miR-100-5p	2.71e-25	4.28e-26	11.935	48.0638	1.19326	A_25_P00010474	hsa-miR-100-5p
hsa-miR-146b-5p	7.00e-25	1.13e-25	-11.8061	47.0971	-1.14039	A_25_P00014081	hsa-miR-146b-5p
hsa-miR-107	7.76e-25	1.28e-25	-11.7896	46.9733	-0.62172	A_25_P00011068	hsa-miR-107
hsa-miR-16-5p	7.97e-25	1.34e-25	-11.7833	46.9265	-0.58179	A_25_P00014818	hsa-miR-16-5p
hsa-miR-140-3p	1.85e-24	3.17e-25	11.6688	46.0703	0.82828	A_25_P00012177	hsa-miR-140-3p
hsa-miR-378i	5.07e-24	8.87e-25	11.5315	45.0465	0.86662	A_25_P00017523	hsa-miR-378i
hsa-miR-181a-5p	1.26e-23	2.24e-24	-11.4073	44.1233	-0.86155	A_25_P00014832	hsa-miR-181a-5p
hsa-miR-3198	1.19e-22	2.16e-23	-11.1027	41.8723	-1.48337	A_25_P00015828	hsa-miR-3198
hsa-let-7i-5p	1.72e-22	3.19e-23	-11.0499	41.4839	-0.68973	A_25_P00012146	hsa-let-7i-5p
hsa-miR-98	2.37e-22	4.46e-23	-11.0043	41.1491	-0.70698	A_25_P00010047	hsa-miR-98
hsa-miR-630	3.54e-22	6.79e-23	-10.9472	40.7308	-2.06078	A_25_P00010249	hsa-miR-630
hsa-miR-30a-5p	5.37e-22	1.05e-22	10.8881	40.2982	1.21319	A_25_P00013852	hsa-miR-30a-5p
hsa-miR-92a-3p	9.77e-22	1.94e-22	-10.8044	39.6868	-0.71238	A_25_P00012030	hsa-miR-92a-3p
hsa-miR-22-5p	1.10e-21	2.22e-22	-10.786	39.5531	-0.87433	A_25_P00013177	hsa-miR-22-5p
hsa-miR-4746-3p	1.29e-21	2.68e-22	-10.7605	39.3673	-1.05857	A_25_P00017146	hsa-miR-4746-3p
hsa-let-7d-5p	1.29e-21	2.69e-22	-10.7597	39.3616	-0.63246	A_25_P00011981	hsa-let-7d-5p
hsa-miR-425-5p	1.44e-21	3.05e-22	-10.7426	39.2372	-0.60987	A_25_P00014045	hsa-miR-425-5p
hsa-miR-29c-5p	1.76e-21	3.80e-22	10.7126	39.0184	1.07964	A_25_P00013483	hsa-miR-29c-5p
hur_5	3.42e-21	7.50e-22	-10.6195	38.3428	-0.64503	--hur_5	
hsa-miR-27a-3p	3.42e-21	7.60e-22	-10.6177	38.3296	-0.62728	A_25_P00010797	hsa-miR-27a-3p
hsa-miR-125b-5p	8.31e-21	1.87e-21	10.4937	37.433	0.99598	A_25_P00010979	hsa-miR-125b-5p
hsa-miR-23a-3p	8.57e-21	1.96e-21	-10.4873	37.3869	-0.58562	A_25_P00014820	hsa-miR-23a-3p
hsa-miR-140-5p	1.32e-20	3.07e-21	10.4256	36.9423	0.6854	A_25_P00013930	hsa-miR-140-5p
hsa-miR-148b-3p	1.40e-20	3.30e-21	-10.4154	36.8691	-0.61505	A_25_P00010134	hsa-miR-148b-3p
hsa-miR-224-5p	3.05e-20	7.29e-21	-10.306	36.0835	-1.29055	A_25_P00012133	hsa-miR-224-5p
hsa-miR-20a-5p	3.45e-20	8.37e-21	-10.2868	35.946	-0.69737	A_25_P00010612	hsa-miR-20a-5p
hsa-miR-378d	5.06e-20	1.24e-20	10.2319	35.553	0.78774	A_25_P00017322	hsa-miR-378d
hsa-miR-26b-5p	8.37e-20	2.08e-20	10.1599	35.0394	0.59632	A_25_P00012001	hsa-miR-26b-5p
hsa-miR-1224-5p	1.93e-19	4.87e-20	10.0415	34.1971	1.29327	A_25_P00014906	hsa-miR-1224-5p
hsa-miR-4291	1.97e-19	5.04e-20	-10.0366	34.1628	-0.62187	A_25_P00015568	hsa-miR-4291
hsa-miR-152	2.60e-19	6.73e-20	-9.996	33.875	-0.8838	A_25_P00012196	hsa-miR-152
hsa-miR-4324	5.03e-19	1.32e-19	9.9014	33.2066	1.13072	A_25_P00015876	hsa-miR-4324
hsa-miR-126-3p	1.69e-18	4.49e-19	9.7284	31.9905	0.61937	A_25_P00012215	hsa-miR-126-3p
hsa-miR-22-3p	2.03e-18	5.47e-19	-9.7005	31.7958	-0.64597	A_25_P00010204	hsa-miR-22-3p
hsa-miR-324-5p	2.17e-18	5.93e-19	-9.6891	31.7158	-0.67366	A_25_P00010153	hsa-miR-324-5p
hsa-miR-423-5p	2.61e-18	7.20e-19	-9.6615	31.5231	-0.49172	A_25_P00012419	hsa-miR-423-5p
hsa-miR-590-5p	4.33e-18	1.22e-18	-9.5867	31.0025	-0.60604	A_25_P00014256	hsa-miR-590-5p
hsa-miR-19b-3p	4.33e-18	1.23e-18	-9.5856	30.9943	-0.58639	A_25_P00011000	hsa-miR-19b-3p
hsa-miR-642b-3p	4.49e-18	1.28e-18	-9.579	30.9488	-1.46903	A_25_P00016200	hsa-miR-642b-3p
hsa-miR-331-3p	6.52e-18	1.89e-18	-9.524	30.5666	-0.52813	A_25_P00014027	hsa-miR-331-3p
hsa-miR-95	9.99e-18	2.93e-18	9.461	30.131	0.81695	A_25_P00011086	hsa-miR-95
hsa-miR-20b-5p	1.17e-17	3.47e-18	-9.4368	29.9636	-0.69085	A_25_P00010615	hsa-miR-20b-5p
hsa-miR-23b-3p	2.80e-17	8.40e-18	9.3093	29.0858	0.6934	A_25_P00010881	hsa-miR-23b-3p
hsa-miR-642a-3p	3.63e-17	1.10e-17	-9.2702	28.8175	-1.51874	A_25_P00017641	hsa-miR-642a-3p
hsa-miR-3663-3p	3.91e-17	1.20e-17	-9.258	28.7346	-0.87749	A_25_P00016179	hsa-miR-3663-3p
hsa-miR-17-3p	4.76e-17	1.48e-17	-9.2277	28.5268	-0.66101	A_25_P00013151	hsa-miR-17-3p
hsa-miR-4428	5.84e-17	1.83e-17	-9.1965	28.3141	-1.04916	A_25_P00016950	hsa-miR-4428
hsa-miR-132-3p	7.86e-17	2.49e-17	-9.1518	28.0093	-0.76876	A_25_P00010588	hsa-miR-132-3p
hsa-miR-4257	2.50e-16	8.00e-17	-8.9809	26.8516	-1.02576	A_25_P00015689	hsa-miR-4257
hsa-miR-10b-5p	2.82e-15	9.12e-16	8.6197	24.4411	0.58643	A_25_P00012083	hsa-miR-10b-5p
hsa-miR-151b	4.50e-15	1.47e-15	-8.5479	23.968	-0.58882	A_25_P00016447	hsa-miR-151b
hsa-miR-150-5p	6.26e-15	2.07e-15	8.4967	23.632	1.26365	A_25_P00010490	hsa-miR-150-5p
hsa-miR-214-3p	1.11e-14	3.72e-15	-8.4078	23.0509	-0.88801	A_25_P00012106	hsa-miR-214-3p
dmr_31a	2.26e-14	7.61e-15	-8.2986	22.3423	-0.33821	--dmr_31a	
hsa-miR-652-3p	3.41e-14	1.16e-14	-8.2343	21.9267	-0.56194	A_25_P00012834	hsa-miR-652-3p
hsa-miR-484	6.19e-14	2.13e-14	-8.1408	21.3266	-0.51031	A_25_P00010431	hsa-miR-484
hsa-miR-494	1.09e-13	3.78e-14	-8.0515	20.757	-0.79194	A_25_P00014865	hsa-miR-494
hsa-miR-135b-5p	1.32e-13	4.61e-14	-8.0208	20.5622	-1.1571	A_25_P00012383	hsa-miR-135b-5p
hsa-miR-223-3p	2.73e-13	9.64e-14	-7.9053	19.8325	-0.98169	A_25_P00012130	hsa-miR-223-3p
hsa-miR-1268a	2.98e-13	1.06e-13	-7.89	19.7362	-0.97729	A_25_P00015194	hsa-miR-1268a
hsa-miR-3676-5p	3.50e-13	1.26e-13	-7.8634	19.5688	-1.10588	A_25_P00017347	hsa-miR-3676-5p
hsa-miR-4530	4.14e-13	1.51e-13	-7.8351	19.3914	-0.73485	A_25_P00016773	hsa-miR-4530
hsa-miR-24-3p	6.40e-13	2.35e-13	-7.7648	18.9529	-0.38203	A_25_P00010677	hsa-miR-24-3p
hsv1-miR-H18	6.66e-13	2.47e-13	-7.7572	18.9057	-0.76056	A_25_P00015912	hsv1-miR-H18
hsa-miR-199a-3p	9.32e-13	3.50e-13	-7.7015	18.5595	-0.70507	A_25_P00012063	hsa-miR-199a-3p
hsa-miR-151a-5p	9.32e-13	3.52e-13	-7.7008	18.5551	-0.52615	A_25_P00012375	hsa-miR-151a-5p
hsa-miR-4298	1.51e-12	5.74e-13	-7.6223	18.0709	-1.34649	A_25_P00015699	hsa-miR-4298
hsa-miR-3162-5p	4.72e-12	1.81e-12	-7.4371	16.9387	-0.82031	A_25_P00015693	hsa-miR-3162-5p
hsa-miR-199a-5p	5.36e-12	2.07e-12	-7.4149	16.8044	-0.78051	A_25_P00013874	hsa-miR-199a-5p
hsa-miR-15a-5p	6.87e-12	2.68e-12	-7.373	16.5512	-0.38153	A_25_P00014817	hsa-miR-15a-5p
hsa-miR-4459	8.68e-12	3.42e-12	-7.3333	16.3121	-1.01046	A_25_P00016804	hsa-miR-4459
hsa-miR-7-1-3p	8.98e-12	3.57e-12	-7.3263	16.2702	-0.55501	A_25_P00013294	hsa-miR-7-1-3p
hsa-miR-197-3p	9.13e-12	3.66e-12	-7.3222	16.2459	-0.54162	A_25_P00010835	hsa-miR-197-3p
hsa-miR-27b-3p	1.15e-11	4.63e-12	7.2833	16.0127	0.48766	A_25_P00014837	hsa-miR-27b-3p
hsa-miR-374a-5p	1.76e-11	7.19e-12	-7.2109	15.5804	-0.4822	A_25_P00013996	hsa-miR-374a-5p
hsa-miR-324-3p	2.88e-11	1.18e-11	-7.1281	15.0901	-0.48224	A_25_P00010540	hsa-miR-324-3p
ebv-miR-BART13	4.19e-11	1.73e-11	-7.064	14.7128	-0.48884	A_25_P00011854	ebv-miR-BART13
hsa-miR-4449	8.06e-11	3.37e-11	-6.9522	14.0607	-0.57054	A_25_P00017199	hsa-miR-4449
hsa-miR-874	9.82e-11	4.13e-11	-6.9175	13.8593	-0.44792	A_25_P00012919	hsa-miR-874
hsa-miR-4745-5p	1.28e-10	5.44e-11	-6.8705	13.5881	-0.57704	A_25_P00016764	hsa-miR-4745-5p
hsa-miR-505-3p	1.96e-10	8.37e-11	-6.7969	13.1657	-0.52616	A_25_P00012653	hsa-miR-505-3p
hsa-miR-4672	7.47e-10	3.22e-10	-6.5628	11.8431	-0.50257	A_25_P00017202	hsa-miR-4672
hsa-miR-4499	7.60e-10	3.30e-10	-6.5582	11.8176	-0.97075	A_25_P00017131	hsa-miR-4499
hsa-miR-1587	8.94e-10	3.91e-10	-6.5284	11.6513	-0.85697	A_25_P00016697	hsa-miR-1587
hsa-miR-101-3p	1.03e-09	4.53e-10	6.5024	11.5072	0.46078	A_25_P00012039	hsa-miR-101-3p
hsa-miR-3679-5p	1.39e-09	6.16e-10	-6.448	11.206	-0.97362	A_25_P00016233	hsa-miR-3679-5p
hsa-miR-644b-3p	1.90e-09	8.50e-10	-6.3906	10.8907	-0.40858	A_25_P00017713	hsa-miR-644b-3p
hsa-miR-766-3p	2.14e-09	9.66e-10	-6.3677	10.7653	-0.56135	A_25_P00011965	hsa-miR-766-3p
hsa-miR-4800-5p	2.52e-09	1.15e-09	-6.337	10.598	-1.16021	A_25_P00017143	hsa-miR-4800-5p
hsa-miR-4507	2.77e-09	1.27e-09	-6.3186	10.4978	-0.67478	A_25_P00016701	hsa-miR-4507
hsa-miR-4443	2.77e-09	1.28e-09	-6.3176	10.4922	-0.91353	A_25_P00016276	hsa-miR-4443
hsa-miR-1280	3.06e-09	1.42e-09	-6.2983	10.3878	-1.03692	A_25_P00015247	hsa-miR-1280
hsa-miR-1273g-3p	3.37e-09	1.58e-09	-6.2794	10.285	-0.41665	A_25_P00017529	hsa-miR-1273g-3p
hsa-miR-193b-3p	3.95e-09	1.86e-09	-6.2491	10.1215	-0.56078	A_25_P00012512	hsa-miR-193b-3p
hsa-miR-32-5p	5.39e-09	2.56e-09	-6.1915	9.8118	-0.61257	A_25_P00012022	hsa-miR-32-5p
hsa-miR-663a	5.70e-09	2.72e-09	-6.1799	9.7497	-1.11155	A_25_P00010799	hsa-miR-663a
hsa-miR-451a	6.46e-09	3.11e-09	6.1556	9.6199	0.81073	A_25_P00012447	hsa-miR-451a
hsa-miR-574-5p	7.48e-09	3.63e-09	-6.1273	9.4694	-0.93645	A_25_P00012725	hsa-miR-574-5p
hsa-miR-4788	8.60e-09	4.20e-09	-6.1003	9.3261	-0.80647	A_25_P00016931	hsa-miR-4788
hsa-miR-1275	1.25e-08	6.13e-09	-6.0302	8.9564	-0.93163	A_25_P00015209	hsa-miR-1275
hsa-miR-374b-5p	1.60e-08	7.91e-09	-5.9827	8.7074	-0.41996	A_25_P00014916	hsa-miR-374b-5p
hsa-miR-575	1.84e-08	9.19e-09	-5.9546	8.561	-0.69631	A_25_P00014896	hsa-miR-575
hsa-miR-4442	1.91e-08	9.58e-09	-5.9468	8.5202	-0.88797	A_25_P00016723	hsa-miR-4442
hsv2-miR-H6	1.96e-08	9.88e-09	-5.941	8.4901	-0.57136	A_25_P00015976	hsv2-miR-H6
dmr_285	2.13e-08	1.08e-08	-5.9236	8.4	-0.24577	--dmr_285	
hsa-miR-4669	2.75e-08	1.41e-08	-5.8743	8.1452	-1.02673	A_25_P00016725	hsa-miR-4669
hsa-miR-125a-5p	3.12e-08	1.61e-08	-5.849	8.0151	-0.4983	A_25_P00012209	hsa-miR-125a-5p
hsa-miR-150-3p	3.43e-08	1.78e-08	-5.8297	7.916	-0.7494	A_25_P00013452	hsa-miR-150-3p
hsa-miR-4505	3.91e-08	2.05e-08	-5.8025	7.7769	-0.5785	A_25_P00017135	hsa-miR-4505
hsa-miR-5100	3.91e-08	2.05e-08	-5.8024	7.7767	-0.29125	A_25_P00017418	hsa-miR-5100
hsa-miR-342-3p	6.84e-08	3.62e-08	-5.6934	7.2239	-0.41718	A_25_P00012357	hsa-miR-342-3p
hsa-miR-26a-5p	7.92e-08	4.21e-08	5.6638	7.0752	0.42426	A_25_P00011999	hsa-miR-26a-5p
hsa-miR-188-5p	8.15e-08	4.36e-08	-5.657	7.0413	-0.86096	A_25_P00012247	hsa-miR-188-5p
hsa-miR-200c-3p	8.71e-08	4.69e-08	-5.6427	6.9696	-0.61858	A_25_P00012265	hsa-miR-200c-3p
hsa-miR-582-5p	9.13e-08	4.95e-08	5.6323	6.918	0.4026	A_25_P00014897	hsa-miR-582-5p
hsa-miR-141-3p	9.42e-08	5.14e-08	-5.6249	6.8812	-0.62824	A_25_P00010548	hsa-miR-141-3p
hsa-miR-4665-3p	1.02e-07	5.62e-08	-5.6075	6.7941	-0.35661	A_25_P00016987	hsa-miR-4665-3p
hsa-miR-4270	1.02e-07	5.66e-08	-5.6061	6.7875	-0.78525	A_25_P00015748	hsa-miR-4270
hsa-let-7c	1.21e-07	6.70e-08	5.5729	6.6224	0.32215	A_25_P00010073	hsa-let-7c
hsa-miR-146a-5p	1.41e-07	7.90e-08	-5.5406	6.4629	-0.60661	A_25_P00010079	hsa-miR-146a-5p
hsa-miR-4485	2.23e-07	1.25e-07	-5.4489	6.014	-1.1744	A_25_P00017263	hsa-miR-4485
hsa-miR-4327	4.43e-07	2.51e-07	-5.309	5.3403	-0.71448	A_25_P00015637	hsa-miR-4327
hsa-miR-24-1-5p	5.57e-07	3.17e-07	5.2609	5.1121	0.45232	A_25_P00014494	hsa-miR-24-1-5p
hsa-miR-3125	6.65e-07	3.81e-07	-5.2234	4.9352	-0.61578	A_25_P00015829	hsa-miR-3125
hsa-miR-320c	9.84e-07	5.66e-07	-5.141	4.5496	-0.30171	A_25_P00015037	hsa-miR-320c
hsa-miR-4284	1.03e-06	5.99e-07	-5.1294	4.4959	-0.34013	A_25_P00015587	hsa-miR-4284
hsa-miR-361-5p	1.28e-06	7.46e-07	-5.0832	4.2827	-0.32318	A_25_P00010894	hsa-miR-361-5p
hsa-let-7f-5p	1.40e-06	8.18e-07	-5.064	4.1941	-0.24135	A_25_P00010088	hsa-let-7f-5p
hsa-miR-144-3p	1.65e-06	9.75e-07	5.0268	4.024	0.75608	A_25_P00012189	hsa-miR-144-3p
hsa-miR-130a-3p	1.79e-06	1.06e-06	-5.0084	3.9402	-0.36401	A_25_P00010440	hsa-miR-130a-3p
hsa-miR-3195	2.26e-06	1.34e-06	-4.9583	3.7131	-0.49942	A_25_P00015498	hsa-miR-3195
hsa-miR-340-5p	2.40e-06	1.44e-06	-4.9433	3.6458	-0.3803	A_25_P00012344	hsa-miR-340-5p
hsa-miR-4430	2.96e-06	1.78e-06	-4.8977	3.441	-0.42541	A_25_P00016811	hsa-miR-4430
hsa-let-7g-5p	3.92e-06	2.38e-06	4.8349	3.1621	0.24748	A_25_P00012142	hsa-let-7g-5p
hsa-miR-4286	8.58e-06	5.23e-06	-4.6605	2.4029	-0.38287	A_25_P00015774	hsa-miR-4286
hsa-miR-362-5p	1.02e-05	6.24e-06	-4.6207	2.233	-0.30995	A_25_P00013983	hsa-miR-362-5p
hsa-miR-4281	1.16e-05	7.17e-06	-4.5893	2.0995	-0.42318	A_25_P00015648	hsa-miR-4281
hsa-miR-4763-3p	1.18e-05	7.33e-06	-4.5843	2.0783	-0.43176	A_25_P00016715	hsa-miR-4763-3p
hsv2-miR-H25	1.59e-05	9.92e-06	-4.515	1.7873	-0.48856	A_25_P00015983	hsv2-miR-H25
hsa-miR-125a-3p	1.63e-05	1.02e-05	-4.5085	1.7603	-0.85867	A_25_P00012213	hsa-miR-125a-3p
hsa-miR-4739	1.75e-05	1.10e-05	4.4912	1.6882	0.85357	A_25_P00016507	hsa-miR-4739
hsa-miR-365a-3p	2.01e-05	1.27e-05	-4.4579	1.5501	-0.34154	A_25_P00014852	hsa-miR-365a-3p
hsa-miR-30e-3p	2.85e-05	1.81e-05	4.3746	1.2089	0.31966	A_25_P00014610	hsa-miR-30e-3p
hsa-miR-4716-3p	3.02e-05	1.93e-05	-4.3601	1.1499	-0.40871	A_25_P00017156	hsa-miR-4716-3p
hsa-miR-30c-5p	4.02e-05	2.58e-05	4.2907	0.8706	0.50936	A_25_P00013883	hsa-miR-30c-5p
hsa-miR-4497	4.08e-05	2.64e-05	-4.2856	0.8503	-0.31054	A_25_P00016919	hsa-miR-4497
hsa-miR-296-5p	5.69e-05	3.70e-05	-4.2041	0.5275	-0.37878	A_25_P00013977	hsa-miR-296-5p
hsa-miR-5581-5p	6.84e-05	4.47e-05	-4.1579	0.347	-0.3893	A_25_P00017677	hsa-miR-5581-5p
hsa-miR-335-5p	7.36e-05	4.83e-05	-4.1388	0.2728	-0.45909	A_25_P00010212	hsa-miR-335-5p
hsa-miR-5585-3p	8.44e-05	5.57e-05	-4.1039	0.1379	-0.7327	A_25_P00017397	hsa-miR-5585-3p
hsa-miR-5001-5p	9.31e-05	6.17e-05	-4.0782	0.0393	-0.56288	A_25_P00017436	hsa-miR-5001-5p
dmr_6	1.15e-04	7.66e-05	-4.0243	-0.1656	-0.51453	--dmr_6	
hsa-miR-29a-3p	1.15e-04	7.68e-05	4.0235	-0.1688	0.27831	A_25_P00012013	hsa-miR-29a-3p
hsa-miR-4653-3p	1.16e-04	7.80e-05	-4.0196	-0.1835	-0.37454	A_25_P00017154	hsa-miR-4653-3p
hsa-miR-4787-5p	1.33e-04	8.99e-05	-3.984	-0.3176	-0.68032	A_25_P00016991	hsa-miR-4787-5p
dmr_3	1.33e-04	9.02e-05	-3.9829	-0.3215	-0.50021	--dmr_3	
hsa-miR-4713-3p	2.06e-04	1.41e-04	-3.8689	-0.7434	-0.35223	A_25_P00017287	hsa-miR-4713-3p
hsa-miR-127-3p	2.28e-04	1.57e-04	-3.8414	-0.8436	-0.45056	A_25_P00013946	hsa-miR-127-3p
hsa-miR-4741	2.75e-04	1.90e-04	-3.7909	-1.0259	-0.63466	A_25_P00016480	hsa-miR-4741
hsa-miR-4454	3.20e-04	2.22e-04	-3.75	-1.1718	-0.15204	A_25_P00017239	hsa-miR-4454
hsa-miR-1228-3p	3.85e-04	2.68e-04	-3.699	-1.352	-0.29495	A_25_P00014937	hsa-miR-1228-3p
hsa-miR-4433-5p	4.72e-04	3.31e-04	-3.6427	-1.5484	-0.31882	A_25_P00017390	hsa-miR-4433-5p
hsa-miR-1234	4.79e-04	3.37e-04	-3.6374	-1.5665	-0.27021	A_25_P00014952	hsa-miR-1234
hsa-miR-99b-5p	6.59e-04	4.66e-04	-3.5486	-1.8704	-0.30738	A_25_P00014849	hsa-miR-99b-5p
hsa-miR-148a-3p	7.15e-04	5.08e-04	3.5246	-1.9514	0.27445	A_25_P00010132	hsa-miR-148a-3p
hsa-miR-1249	7.79e-04	5.58e-04	-3.4979	-2.0407	-0.3254	A_25_P00015148	hsa-miR-1249
hsa-miR-3656	7.79e-04	5.59e-04	-3.4977	-2.0414	-0.29246	A_25_P00016104	hsa-miR-3656
hsa-miR-30b-5p	7.86e-04	5.66e-04	3.4941	-2.0535	0.29672	A_25_P00013922	hsa-miR-30b-5p
hsa-miR-34a-5p	9.51e-04	6.88e-04	-3.439	-2.236	-0.2219	A_25_P00012085	hsa-miR-34a-5p
hsa-miR-939	1.03e-03	7.48e-04	-3.4152	-2.3137	-0.53204	A_25_P00013087	hsa-miR-939
hsa-miR-361-3p	1.07e-03	7.82e-04	-3.4025	-2.3555	-0.22393	A_25_P00012305	hsa-miR-361-3p
hsa-miR-205-5p	1.08e-03	7.93e-04	-3.3985	-2.3685	-0.44359	A_25_P00010503	hsa-miR-205-5p
hsa-miR-1305	1.18e-03	8.71e-04	-3.3715	-2.4558	-0.35383	A_25_P00015133	hsa-miR-1305
hsa-miR-3907	1.29e-03	9.55e-04	-3.345	-2.5411	-0.33439	A_25_P00016266	hsa-miR-3907
hsa-miR-5006-5p	1.37e-03	1.02e-03	-3.3249	-2.6055	-0.62482	A_25_P00017720	hsa-miR-5006-5p
hsa-miR-3665	1.40e-03	1.05e-03	-3.3177	-2.6284	-0.28427	A_25_P00016132	hsa-miR-3665
hsa-miR-10a-5p	1.68e-03	1.26e-03	3.2638	-2.7986	0.33038	A_25_P00010469	hsa-miR-10a-5p
hsa-miR-197-5p	2.50e-03	1.89e-03	-3.1419	-3.174	-0.45912	A_25_P00017511	hsa-miR-197-5p
hsa-miR-3188	3.68e-03	2.79e-03	3.0213	-3.5329	0.40683	A_25_P00015649	hsa-miR-3188
hsa-miR-210	3.76e-03	2.87e-03	-3.0127	-3.5579	-0.26229	A_25_P00010996	hsa-miR-210
hsa-miR-193a-5p	3.76e-03	2.87e-03	-3.0121	-3.5596	-0.29339	A_25_P00012254	hsa-miR-193a-5p
hsa-miR-28-5p	4.53e-03	3.48e-03	2.951	-3.7358	0.23599	A_25_P00013849	hsa-miR-28-5p
hsa-miR-4728-5p	5.69e-03	4.38e-03	-2.8764	-3.9464	-0.53347	A_25_P00017210	hsa-miR-4728-5p
hsa-miR-320e	6.12e-03	4.74e-03	-2.851	-4.0171	-0.15394	A_25_P00015663	hsa-miR-320e
hsv2-miR-H24	6.26e-03	4.87e-03	-2.8418	-4.0423	-0.27712	A_25_P00015958	hsv2-miR-H24
hsa-miR-29b-3p	6.78e-03	5.30e-03	2.8141	-4.1185	0.21156	A_25_P00010054	hsa-miR-29b-3p
hsa-miR-1973	7.07e-03	5.54e-03	-2.7989	-4.1598	-0.69605	A_25_P00015395	hsa-miR-1973
hsa-miR-4299	7.69e-03	6.06e-03	-2.769	-4.2408	-0.44451	A_25_P00015749	hsa-miR-4299
hsa-miR-3135b	9.27e-03	7.33e-03	-2.7043	-4.413	-0.61124	A_25_P00016622	hsa-miR-3135b
hsa-miR-532-5p	1.08e-02	8.61e-03	-2.649	-4.5571	-0.15818	A_25_P00014178	hsa-miR-532-5p
hsa-miR-500a-3p	1.11e-02	8.82e-03	-2.6404	-4.5792	-0.20998	A_25_P00014645	hsa-miR-500a-3p
hsa-miR-221-3p	1.21e-02	9.74e-03	-2.6058	-4.6677	-0.22384	A_25_P00010689	hsa-miR-221-3p
hsa-miR-320d	1.21e-02	9.74e-03	-2.6058	-4.6678	-0.14053	A_25_P00015271	hsa-miR-320d
hsa-miR-134	1.26e-02	1.01e-02	-2.5915	-4.7041	-0.34841	A_25_P00012231	hsa-miR-134
hsa-miR-4734	1.41e-02	1.14e-02	-2.5486	-4.8117	-0.26325	A_25_P00016758	hsa-miR-4734
hsa-miR-200b-3p	2.01e-02	1.64e-02	-2.4177	-5.1295	-0.28193	A_25_P00012139	hsa-miR-200b-3p
hsa-miR-1915-3p	2.11e-02	1.73e-02	-2.3976	-5.177	-0.29465	A_25_P00015303	hsa-miR-1915-3p
hsa-miR-638	3.48e-02	2.86e-02	2.2028	-5.6168	0.32887	A_25_P00010403	hsa-miR-638
hsa-let-7a-5p	4.59e-02	3.79e-02	-2.0875	-5.8603	-0.09681	A_25_P00010086	hsa-let-7a-5p
hsa-miR-660-5p	4.61e-02	3.82e-02	-2.084	-5.8675	-0.12568	A_25_P00010459	hsa-miR-660-5p
hsa-miR-762	4.72e-02	3.92e-02	-2.0731	-5.8896	-0.18403	A_25_P00015462	hsa-miR-762
hsa-miR-30d-5p	4.78e-02	3.99e-02	-2.0656	-5.905	-0.1522	A_25_P00010682	hsa-miR-30d-5p
hsa-miR-320a	4.79e-02	4.02e-02	-2.0629	-5.9105	-0.11332	A_25_P00012262	hsa-miR-320a
hsa-miR-33a-5p	4.87e-02	4.10e-02	-2.055	-5.9265	-0.17959	A_25_P00012026	hsa-miR-33a-5p
hsa-miR-3196	6.68e-02	5.64e-02	1.9168	-6.1974	0.28107	A_25_P00015731	hsa-miR-3196
hsa-miR-320b	6.85e-02	5.82e-02	-1.9036	-6.2224	-0.10123	A_25_P00015035	hsa-miR-320b
hsa-miR-4463	7.84e-02	6.68e-02	-1.8414	-6.3374	-0.26912	A_25_P00016978	hsa-miR-4463
hsa-miR-2861	7.89e-02	6.75e-02	1.8369	-6.3455	0.25211	A_25_P00015655	hsa-miR-2861
hsa-miR-3960	9.67e-02	8.30e-02	-1.7408	-6.5157	-0.22106	A_25_P00016705	hsa-miR-3960
hsa-let-7e-5p	1.10e-01	9.46e-02	-1.6781	-6.622	-0.12941	A_25_P00011985	hsa-let-7e-5p
hsa-miR-4516	1.15e-01	9.97e-02	1.6525	-6.6643	0.21182	A_25_P00016923	hsa-miR-4516
hsa-miR-136-5p	1.20e-01	1.04e-01	1.631	-6.6993	0.19108	A_25_P00011018	hsa-miR-136-5p
hsa-miR-4687-3p	1.31e-01	1.14e-01	1.5865	-6.7704	0.19533	A_25_P00016935	hsa-miR-4687-3p
hsa-miR-574-3p	1.34e-01	1.17e-01	-1.5715	-6.7938	-0.10897	A_25_P00014895	hsa-miR-574-3p
hsa-miR-4532	1.35e-01	1.19e-01	-1.565	-6.804	-0.13498	A_25_P00016761	hsa-miR-4532
hsa-miR-1260b	1.36e-01	1.20e-01	-1.5617	-6.8092	-0.17293	A_25_P00015589	hsa-miR-1260b
hcmv-miR-UL70-3p	1.58e-01	1.40e-01	-1.4793	-6.9336	-0.22312	A_25_P00011724	hcmv-miR-UL70-3p
hsa-miR-371b-5p	1.58e-01	1.41e-01	-1.4782	-6.9352	-0.24238	A_25_P00016295	hsa-miR-371b-5p
hsa-miR-1268b	1.61e-01	1.43e-01	-1.4679	-6.9502	-0.24605	A_25_P00016625	hsa-miR-1268b
hsa-miR-376c	1.98e-01	1.78e-01	1.3506	-7.1147	0.1587	A_25_P00012317	hsa-miR-376c
hsa-miR-3653	1.98e-01	1.78e-01	-1.3505	-7.1149	-0.10308	A_25_P00016152	hsa-miR-3653
hsa-miR-376a-3p	2.14e-01	1.93e-01	1.3043	-7.176	0.15344	A_25_P00010275	hsa-miR-376a-3p
hsa-miR-142-5p	2.41e-01	2.18e-01	-1.2345	-7.2643	-0.13866	A_25_P00012181	hsa-miR-142-5p
hsa-miR-142-3p	2.60e-01	2.36e-01	-1.1871	-7.3215	-0.12449	A_25_P00013937	hsa-miR-142-3p
hsv1-miR-H17	2.74e-01	2.50e-01	-1.1533	-7.3609	-0.18295	A_25_P00015902	hsv1-miR-H17
hsa-miR-219-5p	2.79e-01	2.56e-01	-1.1393	-7.3769	-0.09397	A_25_P00013909	hsa-miR-219-5p
hsa-miR-572	2.81e-01	2.58e-01	1.1335	-7.3835	0.17479	A_25_P00011097	hsa-miR-572
hsa-miR-4721	3.13e-01	2.88e-01	-1.0638	-7.4599	-0.12228	A_25_P00016675	hsa-miR-4721
hsa-miR-1225-5p	3.14e-01	2.91e-01	-1.0591	-7.4649	-0.1307	A_25_P00014921	hsa-miR-1225-5p
hsa-miR-1260a	3.22e-01	3.00e-01	-1.0395	-7.4854	-0.09736	A_25_P00015172	hsa-miR-1260a
hsa-miR-3940-5p	3.22e-01	3.00e-01	1.0385	-7.4865	0.1236	A_25_P00016646	hsa-miR-3940-5p
hsa-miR-199b-5p	4.00e-01	3.74e-01	0.8903	-7.6293	0.08843	A_25_P00013892	hsa-miR-199b-5p
hsv2-miR-H10	4.17e-01	3.91e-01	-0.8587	-7.6569	-0.08996	A_25_P00015964	hsv2-miR-H10
hsa-miR-4634	4.37e-01	4.12e-01	0.8214	-7.6882	0.15808	A_25_P00016709	hsa-miR-4634
hsa-miR-4695-5p	4.50e-01	4.26e-01	-0.798	-7.7072	-0.08395	A_25_P00016741	hsa-miR-4695-5p
hsa-let-7b-5p	4.81e-01	4.57e-01	0.7442	-7.7487	0.04422	A_25_P00010070	hsa-let-7b-5p
hsa-miR-4466	4.81e-01	4.60e-01	0.7402	-7.7517	0.08236	A_25_P00016707	hsa-miR-4466
hsv1-miR-LAT_v10.1	4.81e-01	4.60e-01	0.7394	-7.7523	0.14298	A_25_P00013830	hsv1-miR-LAT_v10.1
hsa-miR-362-3p	5.38e-01	5.16e-01	-0.6507	-7.814	-0.03887	A_25_P00012311	hsa-miR-362-3p
hsa-miR-940	5.54e-01	5.33e-01	0.6236	-7.8313	0.07852	A_25_P00013089	hsa-miR-940
hsa-miR-193a-3p	5.68e-01	5.48e-01	-0.6009	-7.8452	-0.04674	A_25_P00012258	hsa-miR-193a-3p
hsa-miR-186-5p	6.03e-01	5.84e-01	-0.5479	-7.8757	-0.0455	A_25_P00012242	hsa-miR-186-5p
hsa-miR-1207-5p	6.41e-01	6.24e-01	-0.4907	-7.9055	-0.05878	A_25_P00015088	hsa-miR-1207-5p
hsa-miR-3911	7.20e-01	7.03e-01	-0.3814	-7.9533	-0.0612	A_25_P00016257	hsa-miR-3911
hsa-miR-192-5p	7.48e-01	7.33e-01	-0.3421	-7.9675	-0.05751	A_25_P00010869	hsa-miR-192-5p
hsa-miR-720	8.61e-01	8.46e-01	0.1939	-8.0073	0.01096	A_25_P00015264	hsa-miR-720
hsa-miR-30e-5p	8.91e-01	8.79e-01	0.1528	-8.0145	0.01096	A_25_P00012301	hsa-miR-30e-5p
hsa-miR-149-5p	9.12e-01	9.03e-01	0.1225	-8.0187	0.01502	A_25_P00012234	hsa-miR-149-5p
hsa-miR-222-3p	9.16e-01	9.10e-01	0.113	-8.0198	0.01003	A_25_P00012125	hsa-miR-222-3p
hsa-miR-1202	9.25e-01	9.22e-01	-0.0983	-8.0213	-0.01774	A_25_P00015076	hsa-miR-1202
hsa-miR-377-3p	9.90e-01	9.90e-01	0.013	-8.0261	0.00148	A_25_P00010126	hsa-miR-377-3p
